REPO, SMELL, LINE, FILE
./terraform/lacework-terraform-aws-iam-role/, HARD_CODED_SECRET, 1, versions.tf
./terraform/gl-infra-aws-nessus-scanner/, HARD_CODED_SECRET, 32, server.tf
./terraform/gl-infra-aws-nessus-scanner/, HARD_CODED_SECRET, 32, server.tf
./terraform/gl-infra-aws-nessus-scanner/, HARD_CODED_SECRET, 32, server.tf
./terraform/gl-infra-aws-nessus-scanner/, HARD_CODED_SECRET, 32, server.tf
./terraform/gl-infra-aws-nessus-scanner/, HARD_CODED_SECRET, 1, versions.tf
./terraform/gl-infra-aws-nessus-scanner/, HARD_CODED_SECRET, 1, versions.tf
./terraform/gl-infra-aws-nessus-scanner/, INVALID_IP_BINDING, 13, security.tf
./terraform/terraform-aws-modules-terraform-aws-eks/, HARD_CODED_SECRET, 230, main.tf
./terraform/terraform-aws-modules-terraform-aws-eks/, HARD_CODED_SECRET, 350, main.tf
./terraform/terraform-aws-modules-terraform-aws-eks/, HARD_CODED_SECRET, 350, main.tf
./terraform/terraform-aws-modules-terraform-aws-eks/, HARD_CODED_SECRET, 47, main.tf
./terraform/terraform-aws-modules-terraform-aws-eks/, HARD_CODED_SECRET, 47, main.tf
./terraform/terraform-aws-modules-terraform-aws-eks/, HARD_CODED_SECRET, 47, main.tf
./terraform/terraform-aws-modules-terraform-aws-eks/, HARD_CODED_SECRET, 342, main.tf
./terraform/terraform-aws-modules-terraform-aws-eks/, HARD_CODED_SECRET, 342, main.tf
./terraform/terraform-aws-modules-terraform-aws-eks/, HARD_CODED_SECRET, 8, main.tf
./terraform/terraform-aws-modules-terraform-aws-eks/, HARD_CODED_SECRET, 468, main.tf
./terraform/terraform-aws-modules-terraform-aws-eks/, HARD_CODED_SECRET, 123, main.tf
./terraform/terraform-aws-modules-terraform-aws-eks/, HARD_CODED_SECRET, 123, main.tf
./terraform/terraform-aws-modules-terraform-aws-eks/, HARD_CODED_SECRET, 10, outputs.tf
./terraform/terraform-aws-modules-terraform-aws-eks/, HARD_CODED_SECRET, 116, outputs.tf
./terraform/terraform-aws-modules-terraform-aws-eks/, HARD_CODED_SECRET, 111, outputs.tf
./terraform/terraform-aws-modules-terraform-aws-eks/, HARD_CODED_SECRET, 30, outputs.tf
./terraform/terraform-aws-modules-terraform-aws-eks/, HARD_CODED_SECRET, 1, versions.tf
./terraform/terraform-aws-modules-terraform-aws-eks/, HARD_CODED_SECRET, 1, versions.tf
./terraform/terraform-aws-modules-terraform-aws-eks/, HARD_CODED_SECRET, 1, versions.tf
./terraform/terraform-aws-modules-terraform-aws-eks/, HARD_CODED_SECRET, 1, versions.tf
./terraform/terraform-aws-modules-terraform-aws-eks/, HARD_CODED_SECRET, 109, variables.tf
./terraform/terraform-aws-modules-terraform-aws-eks/, HARD_CODED_SECRET, 225, variables.tf
./terraform/terraform-aws-modules-terraform-aws-eks/, HARD_CODED_SECRET, 101, variables.tf
./terraform/terraform-aws-modules-terraform-aws-eks/, HARD_CODED_SECRET, 101, variables.tf
./terraform/terraform-aws-modules-terraform-aws-eks/, HARD_CODED_SECRET, 445, variables.tf
./terraform/terraform-aws-modules-terraform-aws-eks/, HARD_CODED_SECRET, 445, variables.tf
./terraform/terraform-aws-modules-terraform-aws-eks/, HARD_CODED_SECRET, 439, variables.tf
./terraform/terraform-aws-modules-terraform-aws-eks/, HARD_CODED_SECRET, 451, variables.tf
./terraform/terraform-aws-modules-terraform-aws-eks/, HARD_CODED_SECRET, 457, variables.tf
./terraform/terraform-aws-modules-terraform-aws-eks/, HARD_CODED_SECRET, 433, variables.tf
./terraform/terraform-aws-modules-terraform-aws-eks/, HARD_CODED_SECRET, 489, variables.tf
./terraform/terraform-aws-modules-terraform-aws-eks/, HARD_CODED_SECRET, 137, variables.tf
./terraform/terraform-aws-modules-terraform-aws-eks/, HARD_CODED_SECRET, 361, variables.tf
./terraform/terraform-aws-modules-terraform-aws-eks/, HARD_CODED_SECRET, 349, variables.tf
./terraform/terraform-aws-modules-terraform-aws-eks/, HARD_CODED_SECRET, 355, variables.tf
./terraform/terraform-aws-modules-terraform-aws-eks/, HARD_CODED_SECRET, 29, variables.tf
./terraform/terraform-aws-modules-terraform-aws-eks/, HARD_CODED_SECRET, 131, variables.tf
./terraform/terraform-aws-modules-terraform-aws-eks/, HARD_CODED_SECRET, 137, variables.tf
./terraform/terraform-aws-modules-terraform-aws-eks/, HARD_CODED_SECRET, 125, variables.tf
./terraform/terraform-aws-modules-terraform-aws-eks/, HARD_CODED_SECRET, 59, variables.tf
./terraform/terraform-aws-modules-terraform-aws-eks/, HARD_CODED_SECRET, 119, variables.tf
./terraform/terraform-aws-modules-terraform-aws-eks/, HARD_CODED_SECRET, 65, variables.tf
./terraform/terraform-aws-modules-terraform-aws-eks/, INVALID_IP_BINDING, 25, main.tf
./terraform/terraform-aws-modules-terraform-aws-eks/, INVALID_IP_BINDING, 25, main.tf
./terraform/terraform-aws-modules-terraform-aws-eks/, INVALID_IP_BINDING, 25, main.tf
./terraform/terraform-aws-modules-terraform-aws-eks/, INVALID_IP_BINDING, 25, main.tf
./terraform/terraform-aws-modules-terraform-aws-eks/, INVALID_IP_BINDING, 25, main.tf
./terraform/terraform-aws-modules-terraform-aws-eks/, INVALID_IP_BINDING, 25, main.tf
./terraform/terraform-aws-modules-terraform-aws-eks/, INVALID_IP_BINDING, 25, main.tf
./terraform/terraform-aws-modules-terraform-aws-eks/, INVALID_IP_BINDING, 25, main.tf
./terraform/terraform-aws-modules-terraform-aws-eks/, INVALID_IP_BINDING, 25, main.tf
./terraform/terraform-aws-modules-terraform-aws-eks/, INVALID_IP_BINDING, 25, main.tf
./terraform/terraform-aws-modules-terraform-aws-eks/, INVALID_IP_BINDING, 25, main.tf
./terraform/terraform-aws-modules-terraform-aws-eks/, INVALID_IP_BINDING, 25, main.tf
./terraform/terraform-aws-modules-terraform-aws-eks/, INVALID_IP_BINDING, 207, node_groups.tf
./terraform/terraform-aws-modules-terraform-aws-eks/, INVALID_IP_BINDING, 207, node_groups.tf
./terraform/terraform-aws-modules-terraform-aws-eks/, INVALID_IP_BINDING, 207, node_groups.tf
./terraform/terraform-aws-modules-terraform-aws-eks/, INVALID_IP_BINDING, 207, node_groups.tf
./terraform/terraform-aws-modules-terraform-aws-eks/, INVALID_IP_BINDING, 207, node_groups.tf
./terraform/terraform-aws-modules-terraform-aws-eks/, INVALID_IP_BINDING, 207, node_groups.tf
./terraform/terraform-aws-modules-terraform-aws-eks/, INVALID_IP_BINDING, 207, node_groups.tf
./terraform/terraform-aws-modules-terraform-aws-eks/, INVALID_IP_BINDING, 207, node_groups.tf
./terraform/terraform-aws-modules-terraform-aws-eks/, INVALID_IP_BINDING, 207, node_groups.tf
./terraform/terraform-aws-modules-terraform-aws-eks/, INVALID_IP_BINDING, 207, node_groups.tf
./terraform/terraform-aws-modules-terraform-aws-eks/, INVALID_IP_BINDING, 207, node_groups.tf
./terraform/terraform-aws-modules-terraform-aws-eks/, INVALID_IP_BINDING, 87, node_groups.tf
./terraform/terraform-aws-modules-terraform-aws-eks/, INVALID_IP_BINDING, 71, variables.tf
./terraform/terraform-aws-modules-terraform-aws-eks/, SUSPICIOUS_COMMENTS, 43, /node_groups.tf
./terraform/terraform-aws-modules-terraform-aws-eks/, SUSPICIOUS_COMMENTS, 419, /variables.tf
./terraform/terraform-aws-modules-terraform-aws-eks/, SUSPICIOUS_COMMENTS, 255, /main.tf
./terraform/grafana-loki/, HARD_CODED_SECRET, 1, versions.tf
./terraform/grafana-loki/, HARD_CODED_SECRET, 1, versions.tf
./terraform/gl-infra-packagecloud/, ADMIN_BY_DEFAULT, 1, cloudsql.tf
./terraform/gl-infra-packagecloud/, HARD_CODED_SECRET, 6, iam.tf
./terraform/gl-infra-packagecloud/, HARD_CODED_SECRET, 6, iam.tf
./terraform/gl-infra-packagecloud/, HARD_CODED_SECRET, 6, iam.tf
./terraform/gl-infra-packagecloud/, HARD_CODED_SECRET, 6, iam.tf
./terraform/gl-infra-packagecloud/, HARD_CODED_SECRET, 100, iam.tf
./terraform/gl-infra-packagecloud/, HARD_CODED_SECRET, 100, iam.tf
./terraform/gl-infra-packagecloud/, HARD_CODED_SECRET, 100, iam.tf
./terraform/gl-infra-packagecloud/, HARD_CODED_SECRET, 100, iam.tf
./terraform/gl-infra-packagecloud/, HARD_CODED_SECRET, 105, iam.tf
./terraform/gl-infra-packagecloud/, HARD_CODED_SECRET, 105, iam.tf
./terraform/gl-infra-packagecloud/, HARD_CODED_SECRET, 105, iam.tf
./terraform/gl-infra-packagecloud/, HARD_CODED_SECRET, 105, iam.tf
./terraform/gl-infra-packagecloud/, HARD_CODED_SECRET, 110, iam.tf
./terraform/gl-infra-packagecloud/, HARD_CODED_SECRET, 110, iam.tf
./terraform/gl-infra-packagecloud/, HARD_CODED_SECRET, 110, iam.tf
./terraform/gl-infra-packagecloud/, HARD_CODED_SECRET, 110, iam.tf
./terraform/gl-infra-packagecloud/, HARD_CODED_SECRET, 17, main.tf
./terraform/gl-infra-packagecloud/, HARD_CODED_SECRET, 245, modules/mysql/main.tf
./terraform/gl-infra-packagecloud/, HARD_CODED_SECRET, 245, modules/mysql/main.tf
./terraform/gl-infra-packagecloud/, HARD_CODED_SECRET, 245, modules/mysql/main.tf
./terraform/gl-infra-packagecloud/, HARD_CODED_SECRET, 1, cloudsql.tf
./terraform/gl-infra-packagecloud/, HARD_CODED_SECRET, 48, modules/mysql/outputs.tf
./terraform/gl-infra-packagecloud/, HARD_CODED_SECRET, 48, modules/mysql/outputs.tf
./terraform/gl-infra-packagecloud/, HARD_CODED_SECRET, 74, modules/mysql/outputs.tf
./terraform/gl-infra-packagecloud/, HARD_CODED_SECRET, 58, outputs.tf
./terraform/gl-infra-packagecloud/, HARD_CODED_SECRET, 58, outputs.tf
./terraform/gl-infra-packagecloud/, HARD_CODED_SECRET, 1, versions.tf
./terraform/gl-infra-packagecloud/, HARD_CODED_SECRET, 1, versions.tf
./terraform/gl-infra-packagecloud/, HARD_CODED_SECRET, 387, modules/mysql/variables.tf
./terraform/gl-infra-packagecloud/, HARD_CODED_SECRET, 250, modules/mysql/variables.tf
./terraform/gl-infra-packagecloud/, HARD_CODED_SECRET, 150, variables.tf
./terraform/gl-infra-packagecloud/, HARD_CODED_SECRET, 51, variables.tf
./terraform/gl-infra-packagecloud/, WEAK_CRYPTO_ALGO, 51, variables.tf
./terraform/apache-pulsar/, HARD_CODED_SECRET, 20, keys.tf
./terraform/apache-pulsar/, HARD_CODED_SECRET, 20, versions.tf
./terraform/apache-pulsar/, HARD_CODED_SECRET, 20, versions.tf
./terraform/apache-pulsar/, HARD_CODED_SECRET, 31, variables.tf
./terraform/apache-pulsar/, HARD_CODED_SECRET, 31, variables.tf
./terraform/apache-pulsar/, HARD_CODED_SECRET, 20, variables.tf
./terraform/apache-pulsar/, INVALID_IP_BINDING, 49, network.tf
./terraform/apache-pulsar/, INVALID_IP_BINDING, 85, network.tf
./terraform/apache-pulsar/, INVALID_IP_BINDING, 46, security.tf
./terraform/apache-pulsar/, INVALID_IP_BINDING, 46, security.tf
./terraform/apache-pulsar/, INVALID_IP_BINDING, 20, security.tf
./terraform/apache-pulsar/, INVALID_IP_BINDING, 20, security.tf
./terraform/apache-pulsar/, INVALID_IP_BINDING, 20, security.tf
./terraform/babbel-terraform-aws-lambda-with-inline-code/, HARD_CODED_SECRET, 242, main.tf
./terraform/babbel-terraform-aws-lambda-with-inline-code/, HARD_CODED_SECRET, 1, main.tf
./terraform/babbel-terraform-aws-lambda-with-inline-code/, HARD_CODED_SECRET, 1, versions.tf
./terraform/babbel-terraform-aws-lambda-with-inline-code/, HARD_CODED_SECRET, 1, versions.tf
./terraform/babbel-terraform-aws-lambda-with-inline-code/, HARD_CODED_SECRET, 1, versions.tf
./terraform/babbel-terraform-aws-lambda-with-inline-code/, HARD_CODED_SECRET, 1, versions.tf
./terraform/babbel-terraform-aws-lambda-with-inline-code/, HARD_CODED_SECRET, 68, variables.tf
./terraform/babbel-terraform-aws-lambda-with-inline-code/, INVALID_IP_BINDING, 128, main.tf
./terraform/babbel-terraform-aws-lambda-with-inline-code/, INVALID_IP_BINDING, 128, main.tf
./terraform/babbel-terraform-aws-lambda-with-inline-code/, INVALID_IP_BINDING, 128, main.tf
./terraform/babbel-terraform-aws-lambda-with-inline-code/, INVALID_IP_BINDING, 128, main.tf
./terraform/babbel-terraform-aws-lambda-with-inline-code/, INVALID_IP_BINDING, 128, main.tf
./terraform/babbel-terraform-aws-lambda-with-inline-code/, INVALID_IP_BINDING, 128, main.tf
./terraform/babbel-terraform-aws-lambda-with-inline-code/, INVALID_IP_BINDING, 128, main.tf
./terraform/samuelclay-NewsBlur/, HARD_CODED_SECRET, 177, digitalocean.tf
./terraform/samuelclay-NewsBlur/, HARD_CODED_SECRET, 177, digitalocean.tf
./terraform/samuelclay-NewsBlur/, HARD_CODED_SECRET, 177, digitalocean.tf
./terraform/samuelclay-NewsBlur/, HARD_CODED_SECRET, 177, digitalocean.tf
./terraform/samuelclay-NewsBlur/, HARD_CODED_SECRET, 560, digitalocean.tf
./terraform/samuelclay-NewsBlur/, HARD_CODED_SECRET, 560, digitalocean.tf
./terraform/samuelclay-NewsBlur/, HARD_CODED_SECRET, 560, digitalocean.tf
./terraform/samuelclay-NewsBlur/, HARD_CODED_SECRET, 560, digitalocean.tf
./terraform/samuelclay-NewsBlur/, HARD_CODED_SECRET, 367, digitalocean.tf
./terraform/samuelclay-NewsBlur/, HARD_CODED_SECRET, 367, digitalocean.tf
./terraform/samuelclay-NewsBlur/, HARD_CODED_SECRET, 367, digitalocean.tf
./terraform/samuelclay-NewsBlur/, HARD_CODED_SECRET, 367, digitalocean.tf
./terraform/samuelclay-NewsBlur/, HARD_CODED_SECRET, 350, digitalocean.tf
./terraform/samuelclay-NewsBlur/, HARD_CODED_SECRET, 350, digitalocean.tf
./terraform/samuelclay-NewsBlur/, HARD_CODED_SECRET, 350, digitalocean.tf
./terraform/samuelclay-NewsBlur/, HARD_CODED_SECRET, 350, digitalocean.tf
./terraform/samuelclay-NewsBlur/, HARD_CODED_SECRET, 579, digitalocean.tf
./terraform/samuelclay-NewsBlur/, HARD_CODED_SECRET, 579, digitalocean.tf
./terraform/samuelclay-NewsBlur/, HARD_CODED_SECRET, 579, digitalocean.tf
./terraform/samuelclay-NewsBlur/, HARD_CODED_SECRET, 579, digitalocean.tf
./terraform/samuelclay-NewsBlur/, HARD_CODED_SECRET, 312, digitalocean.tf
./terraform/samuelclay-NewsBlur/, HARD_CODED_SECRET, 312, digitalocean.tf
./terraform/samuelclay-NewsBlur/, HARD_CODED_SECRET, 312, digitalocean.tf
./terraform/samuelclay-NewsBlur/, HARD_CODED_SECRET, 312, digitalocean.tf
./terraform/samuelclay-NewsBlur/, HARD_CODED_SECRET, 123, digitalocean.tf
./terraform/samuelclay-NewsBlur/, HARD_CODED_SECRET, 123, digitalocean.tf
./terraform/samuelclay-NewsBlur/, HARD_CODED_SECRET, 123, digitalocean.tf
./terraform/samuelclay-NewsBlur/, HARD_CODED_SECRET, 123, digitalocean.tf
./terraform/samuelclay-NewsBlur/, HARD_CODED_SECRET, 123, digitalocean.tf
./terraform/samuelclay-NewsBlur/, HARD_CODED_SECRET, 123, digitalocean.tf
./terraform/samuelclay-NewsBlur/, HARD_CODED_SECRET, 123, digitalocean.tf
./terraform/samuelclay-NewsBlur/, HARD_CODED_SECRET, 123, digitalocean.tf
./terraform/samuelclay-NewsBlur/, HARD_CODED_SECRET, 105, digitalocean.tf
./terraform/samuelclay-NewsBlur/, HARD_CODED_SECRET, 105, digitalocean.tf
./terraform/samuelclay-NewsBlur/, HARD_CODED_SECRET, 105, digitalocean.tf
./terraform/samuelclay-NewsBlur/, HARD_CODED_SECRET, 105, digitalocean.tf
./terraform/samuelclay-NewsBlur/, HARD_CODED_SECRET, 105, digitalocean.tf
./terraform/samuelclay-NewsBlur/, HARD_CODED_SECRET, 105, digitalocean.tf
./terraform/samuelclay-NewsBlur/, HARD_CODED_SECRET, 105, digitalocean.tf
./terraform/samuelclay-NewsBlur/, HARD_CODED_SECRET, 105, digitalocean.tf
./terraform/samuelclay-NewsBlur/, HARD_CODED_SECRET, 105, digitalocean.tf
./terraform/samuelclay-NewsBlur/, HARD_CODED_SECRET, 105, digitalocean.tf
./terraform/samuelclay-NewsBlur/, HARD_CODED_SECRET, 105, digitalocean.tf
./terraform/samuelclay-NewsBlur/, HARD_CODED_SECRET, 105, digitalocean.tf
./terraform/samuelclay-NewsBlur/, HARD_CODED_SECRET, 105, digitalocean.tf
./terraform/samuelclay-NewsBlur/, HARD_CODED_SECRET, 105, digitalocean.tf
./terraform/samuelclay-NewsBlur/, HARD_CODED_SECRET, 105, digitalocean.tf
./terraform/samuelclay-NewsBlur/, HARD_CODED_SECRET, 105, digitalocean.tf
./terraform/samuelclay-NewsBlur/, HARD_CODED_SECRET, 105, digitalocean.tf
./terraform/samuelclay-NewsBlur/, HARD_CODED_SECRET, 105, digitalocean.tf
./terraform/samuelclay-NewsBlur/, HARD_CODED_SECRET, 105, digitalocean.tf
./terraform/samuelclay-NewsBlur/, HARD_CODED_SECRET, 105, digitalocean.tf
./terraform/samuelclay-NewsBlur/, HARD_CODED_SECRET, 105, digitalocean.tf
./terraform/samuelclay-NewsBlur/, HARD_CODED_SECRET, 105, digitalocean.tf
./terraform/samuelclay-NewsBlur/, HARD_CODED_SECRET, 105, digitalocean.tf
./terraform/samuelclay-NewsBlur/, HARD_CODED_SECRET, 105, digitalocean.tf
./terraform/samuelclay-NewsBlur/, HARD_CODED_SECRET, 105, digitalocean.tf
./terraform/samuelclay-NewsBlur/, HARD_CODED_SECRET, 105, digitalocean.tf
./terraform/samuelclay-NewsBlur/, HARD_CODED_SECRET, 105, digitalocean.tf
./terraform/samuelclay-NewsBlur/, HARD_CODED_SECRET, 105, digitalocean.tf
./terraform/samuelclay-NewsBlur/, HARD_CODED_SECRET, 105, digitalocean.tf
./terraform/samuelclay-NewsBlur/, HARD_CODED_SECRET, 105, digitalocean.tf
./terraform/samuelclay-NewsBlur/, HARD_CODED_SECRET, 105, digitalocean.tf
./terraform/samuelclay-NewsBlur/, HARD_CODED_SECRET, 105, digitalocean.tf
./terraform/samuelclay-NewsBlur/, HARD_CODED_SECRET, 105, digitalocean.tf
./terraform/samuelclay-NewsBlur/, HARD_CODED_SECRET, 105, digitalocean.tf
./terraform/samuelclay-NewsBlur/, HARD_CODED_SECRET, 105, digitalocean.tf
./terraform/samuelclay-NewsBlur/, HARD_CODED_SECRET, 105, digitalocean.tf
./terraform/samuelclay-NewsBlur/, HARD_CODED_SECRET, 141, digitalocean.tf
./terraform/samuelclay-NewsBlur/, HARD_CODED_SECRET, 141, digitalocean.tf
./terraform/samuelclay-NewsBlur/, HARD_CODED_SECRET, 141, digitalocean.tf
./terraform/samuelclay-NewsBlur/, HARD_CODED_SECRET, 141, digitalocean.tf
./terraform/samuelclay-NewsBlur/, HARD_CODED_SECRET, 141, digitalocean.tf
./terraform/samuelclay-NewsBlur/, HARD_CODED_SECRET, 141, digitalocean.tf
./terraform/samuelclay-NewsBlur/, HARD_CODED_SECRET, 141, digitalocean.tf
./terraform/samuelclay-NewsBlur/, HARD_CODED_SECRET, 141, digitalocean.tf
./terraform/samuelclay-NewsBlur/, HARD_CODED_SECRET, 159, digitalocean.tf
./terraform/samuelclay-NewsBlur/, HARD_CODED_SECRET, 159, digitalocean.tf
./terraform/samuelclay-NewsBlur/, HARD_CODED_SECRET, 159, digitalocean.tf
./terraform/samuelclay-NewsBlur/, HARD_CODED_SECRET, 159, digitalocean.tf
./terraform/samuelclay-NewsBlur/, HARD_CODED_SECRET, 159, digitalocean.tf
./terraform/samuelclay-NewsBlur/, HARD_CODED_SECRET, 159, digitalocean.tf
./terraform/samuelclay-NewsBlur/, HARD_CODED_SECRET, 159, digitalocean.tf
./terraform/samuelclay-NewsBlur/, HARD_CODED_SECRET, 159, digitalocean.tf
./terraform/samuelclay-NewsBlur/, HARD_CODED_SECRET, 159, digitalocean.tf
./terraform/samuelclay-NewsBlur/, HARD_CODED_SECRET, 159, digitalocean.tf
./terraform/samuelclay-NewsBlur/, HARD_CODED_SECRET, 159, digitalocean.tf
./terraform/samuelclay-NewsBlur/, HARD_CODED_SECRET, 159, digitalocean.tf
./terraform/samuelclay-NewsBlur/, HARD_CODED_SECRET, 159, digitalocean.tf
./terraform/samuelclay-NewsBlur/, HARD_CODED_SECRET, 159, digitalocean.tf
./terraform/samuelclay-NewsBlur/, HARD_CODED_SECRET, 159, digitalocean.tf
./terraform/samuelclay-NewsBlur/, HARD_CODED_SECRET, 159, digitalocean.tf
./terraform/samuelclay-NewsBlur/, HARD_CODED_SECRET, 159, digitalocean.tf
./terraform/samuelclay-NewsBlur/, HARD_CODED_SECRET, 159, digitalocean.tf
./terraform/samuelclay-NewsBlur/, HARD_CODED_SECRET, 159, digitalocean.tf
./terraform/samuelclay-NewsBlur/, HARD_CODED_SECRET, 159, digitalocean.tf
./terraform/samuelclay-NewsBlur/, HARD_CODED_SECRET, 159, digitalocean.tf
./terraform/samuelclay-NewsBlur/, HARD_CODED_SECRET, 159, digitalocean.tf
./terraform/samuelclay-NewsBlur/, HARD_CODED_SECRET, 159, digitalocean.tf
./terraform/samuelclay-NewsBlur/, HARD_CODED_SECRET, 159, digitalocean.tf
./terraform/samuelclay-NewsBlur/, HARD_CODED_SECRET, 159, digitalocean.tf
./terraform/samuelclay-NewsBlur/, HARD_CODED_SECRET, 159, digitalocean.tf
./terraform/samuelclay-NewsBlur/, HARD_CODED_SECRET, 159, digitalocean.tf
./terraform/samuelclay-NewsBlur/, HARD_CODED_SECRET, 159, digitalocean.tf
./terraform/samuelclay-NewsBlur/, HARD_CODED_SECRET, 159, digitalocean.tf
./terraform/samuelclay-NewsBlur/, HARD_CODED_SECRET, 159, digitalocean.tf
./terraform/samuelclay-NewsBlur/, HARD_CODED_SECRET, 159, digitalocean.tf
./terraform/samuelclay-NewsBlur/, HARD_CODED_SECRET, 159, digitalocean.tf
./terraform/samuelclay-NewsBlur/, HARD_CODED_SECRET, 69, digitalocean.tf
./terraform/samuelclay-NewsBlur/, HARD_CODED_SECRET, 69, digitalocean.tf
./terraform/samuelclay-NewsBlur/, HARD_CODED_SECRET, 69, digitalocean.tf
./terraform/samuelclay-NewsBlur/, HARD_CODED_SECRET, 69, digitalocean.tf
./terraform/samuelclay-NewsBlur/, HARD_CODED_SECRET, 69, digitalocean.tf
./terraform/samuelclay-NewsBlur/, HARD_CODED_SECRET, 69, digitalocean.tf
./terraform/samuelclay-NewsBlur/, HARD_CODED_SECRET, 69, digitalocean.tf
./terraform/samuelclay-NewsBlur/, HARD_CODED_SECRET, 69, digitalocean.tf
./terraform/samuelclay-NewsBlur/, HARD_CODED_SECRET, 69, digitalocean.tf
./terraform/samuelclay-NewsBlur/, HARD_CODED_SECRET, 69, digitalocean.tf
./terraform/samuelclay-NewsBlur/, HARD_CODED_SECRET, 69, digitalocean.tf
./terraform/samuelclay-NewsBlur/, HARD_CODED_SECRET, 69, digitalocean.tf
./terraform/samuelclay-NewsBlur/, HARD_CODED_SECRET, 331, digitalocean.tf
./terraform/samuelclay-NewsBlur/, HARD_CODED_SECRET, 331, digitalocean.tf
./terraform/samuelclay-NewsBlur/, HARD_CODED_SECRET, 331, digitalocean.tf
./terraform/samuelclay-NewsBlur/, HARD_CODED_SECRET, 331, digitalocean.tf
./terraform/samuelclay-NewsBlur/, HARD_CODED_SECRET, 532, digitalocean.tf
./terraform/samuelclay-NewsBlur/, HARD_CODED_SECRET, 532, digitalocean.tf
./terraform/samuelclay-NewsBlur/, HARD_CODED_SECRET, 532, digitalocean.tf
./terraform/samuelclay-NewsBlur/, HARD_CODED_SECRET, 532, digitalocean.tf
./terraform/samuelclay-NewsBlur/, HARD_CODED_SECRET, 473, digitalocean.tf
./terraform/samuelclay-NewsBlur/, HARD_CODED_SECRET, 473, digitalocean.tf
./terraform/samuelclay-NewsBlur/, HARD_CODED_SECRET, 473, digitalocean.tf
./terraform/samuelclay-NewsBlur/, HARD_CODED_SECRET, 473, digitalocean.tf
./terraform/samuelclay-NewsBlur/, HARD_CODED_SECRET, 503, digitalocean.tf
./terraform/samuelclay-NewsBlur/, HARD_CODED_SECRET, 503, digitalocean.tf
./terraform/samuelclay-NewsBlur/, HARD_CODED_SECRET, 503, digitalocean.tf
./terraform/samuelclay-NewsBlur/, HARD_CODED_SECRET, 503, digitalocean.tf
./terraform/samuelclay-NewsBlur/, HARD_CODED_SECRET, 503, digitalocean.tf
./terraform/samuelclay-NewsBlur/, HARD_CODED_SECRET, 503, digitalocean.tf
./terraform/samuelclay-NewsBlur/, HARD_CODED_SECRET, 503, digitalocean.tf
./terraform/samuelclay-NewsBlur/, HARD_CODED_SECRET, 503, digitalocean.tf
./terraform/samuelclay-NewsBlur/, HARD_CODED_SECRET, 421, digitalocean.tf
./terraform/samuelclay-NewsBlur/, HARD_CODED_SECRET, 421, digitalocean.tf
./terraform/samuelclay-NewsBlur/, HARD_CODED_SECRET, 421, digitalocean.tf
./terraform/samuelclay-NewsBlur/, HARD_CODED_SECRET, 421, digitalocean.tf
./terraform/samuelclay-NewsBlur/, HARD_CODED_SECRET, 403, digitalocean.tf
./terraform/samuelclay-NewsBlur/, HARD_CODED_SECRET, 403, digitalocean.tf
./terraform/samuelclay-NewsBlur/, HARD_CODED_SECRET, 403, digitalocean.tf
./terraform/samuelclay-NewsBlur/, HARD_CODED_SECRET, 403, digitalocean.tf
./terraform/samuelclay-NewsBlur/, HARD_CODED_SECRET, 384, digitalocean.tf
./terraform/samuelclay-NewsBlur/, HARD_CODED_SECRET, 384, digitalocean.tf
./terraform/samuelclay-NewsBlur/, HARD_CODED_SECRET, 384, digitalocean.tf
./terraform/samuelclay-NewsBlur/, HARD_CODED_SECRET, 384, digitalocean.tf
./terraform/samuelclay-NewsBlur/, HARD_CODED_SECRET, 266, digitalocean.tf
./terraform/samuelclay-NewsBlur/, HARD_CODED_SECRET, 266, digitalocean.tf
./terraform/samuelclay-NewsBlur/, HARD_CODED_SECRET, 266, digitalocean.tf
./terraform/samuelclay-NewsBlur/, HARD_CODED_SECRET, 266, digitalocean.tf
./terraform/samuelclay-NewsBlur/, HARD_CODED_SECRET, 266, digitalocean.tf
./terraform/samuelclay-NewsBlur/, HARD_CODED_SECRET, 266, digitalocean.tf
./terraform/samuelclay-NewsBlur/, HARD_CODED_SECRET, 266, digitalocean.tf
./terraform/samuelclay-NewsBlur/, HARD_CODED_SECRET, 266, digitalocean.tf
./terraform/samuelclay-NewsBlur/, HARD_CODED_SECRET, 284, digitalocean.tf
./terraform/samuelclay-NewsBlur/, HARD_CODED_SECRET, 284, digitalocean.tf
./terraform/samuelclay-NewsBlur/, HARD_CODED_SECRET, 284, digitalocean.tf
./terraform/samuelclay-NewsBlur/, HARD_CODED_SECRET, 284, digitalocean.tf
./terraform/samuelclay-NewsBlur/, HARD_CODED_SECRET, 284, digitalocean.tf
./terraform/samuelclay-NewsBlur/, HARD_CODED_SECRET, 284, digitalocean.tf
./terraform/samuelclay-NewsBlur/, HARD_CODED_SECRET, 284, digitalocean.tf
./terraform/samuelclay-NewsBlur/, HARD_CODED_SECRET, 284, digitalocean.tf
./terraform/samuelclay-NewsBlur/, HARD_CODED_SECRET, 248, digitalocean.tf
./terraform/samuelclay-NewsBlur/, HARD_CODED_SECRET, 248, digitalocean.tf
./terraform/samuelclay-NewsBlur/, HARD_CODED_SECRET, 248, digitalocean.tf
./terraform/samuelclay-NewsBlur/, HARD_CODED_SECRET, 248, digitalocean.tf
./terraform/samuelclay-NewsBlur/, HARD_CODED_SECRET, 248, digitalocean.tf
./terraform/samuelclay-NewsBlur/, HARD_CODED_SECRET, 248, digitalocean.tf
./terraform/samuelclay-NewsBlur/, HARD_CODED_SECRET, 248, digitalocean.tf
./terraform/samuelclay-NewsBlur/, HARD_CODED_SECRET, 248, digitalocean.tf
./terraform/samuelclay-NewsBlur/, HARD_CODED_SECRET, 230, digitalocean.tf
./terraform/samuelclay-NewsBlur/, HARD_CODED_SECRET, 230, digitalocean.tf
./terraform/samuelclay-NewsBlur/, HARD_CODED_SECRET, 230, digitalocean.tf
./terraform/samuelclay-NewsBlur/, HARD_CODED_SECRET, 230, digitalocean.tf
./terraform/samuelclay-NewsBlur/, HARD_CODED_SECRET, 230, digitalocean.tf
./terraform/samuelclay-NewsBlur/, HARD_CODED_SECRET, 230, digitalocean.tf
./terraform/samuelclay-NewsBlur/, HARD_CODED_SECRET, 230, digitalocean.tf
./terraform/samuelclay-NewsBlur/, HARD_CODED_SECRET, 230, digitalocean.tf
./terraform/samuelclay-NewsBlur/, HARD_CODED_SECRET, 230, digitalocean.tf
./terraform/samuelclay-NewsBlur/, HARD_CODED_SECRET, 230, digitalocean.tf
./terraform/samuelclay-NewsBlur/, HARD_CODED_SECRET, 230, digitalocean.tf
./terraform/samuelclay-NewsBlur/, HARD_CODED_SECRET, 230, digitalocean.tf
./terraform/samuelclay-NewsBlur/, HARD_CODED_SECRET, 230, digitalocean.tf
./terraform/samuelclay-NewsBlur/, HARD_CODED_SECRET, 230, digitalocean.tf
./terraform/samuelclay-NewsBlur/, HARD_CODED_SECRET, 230, digitalocean.tf
./terraform/samuelclay-NewsBlur/, HARD_CODED_SECRET, 230, digitalocean.tf
./terraform/samuelclay-NewsBlur/, HARD_CODED_SECRET, 194, digitalocean.tf
./terraform/samuelclay-NewsBlur/, HARD_CODED_SECRET, 194, digitalocean.tf
./terraform/samuelclay-NewsBlur/, HARD_CODED_SECRET, 194, digitalocean.tf
./terraform/samuelclay-NewsBlur/, HARD_CODED_SECRET, 194, digitalocean.tf
./terraform/samuelclay-NewsBlur/, HARD_CODED_SECRET, 598, digitalocean.tf
./terraform/samuelclay-NewsBlur/, HARD_CODED_SECRET, 598, digitalocean.tf
./terraform/samuelclay-NewsBlur/, HARD_CODED_SECRET, 598, digitalocean.tf
./terraform/samuelclay-NewsBlur/, HARD_CODED_SECRET, 598, digitalocean.tf
./terraform/samuelclay-NewsBlur/, HARD_CODED_SECRET, 598, digitalocean.tf
./terraform/samuelclay-NewsBlur/, HARD_CODED_SECRET, 598, digitalocean.tf
./terraform/samuelclay-NewsBlur/, HARD_CODED_SECRET, 598, digitalocean.tf
./terraform/samuelclay-NewsBlur/, HARD_CODED_SECRET, 598, digitalocean.tf
./terraform/samuelclay-NewsBlur/, HARD_CODED_SECRET, 598, digitalocean.tf
./terraform/samuelclay-NewsBlur/, HARD_CODED_SECRET, 598, digitalocean.tf
./terraform/samuelclay-NewsBlur/, HARD_CODED_SECRET, 598, digitalocean.tf
./terraform/samuelclay-NewsBlur/, HARD_CODED_SECRET, 598, digitalocean.tf
./terraform/samuelclay-NewsBlur/, HARD_CODED_SECRET, 598, digitalocean.tf
./terraform/samuelclay-NewsBlur/, HARD_CODED_SECRET, 598, digitalocean.tf
./terraform/samuelclay-NewsBlur/, HARD_CODED_SECRET, 598, digitalocean.tf
./terraform/samuelclay-NewsBlur/, HARD_CODED_SECRET, 598, digitalocean.tf
./terraform/samuelclay-NewsBlur/, HARD_CODED_SECRET, 598, digitalocean.tf
./terraform/samuelclay-NewsBlur/, HARD_CODED_SECRET, 598, digitalocean.tf
./terraform/samuelclay-NewsBlur/, HARD_CODED_SECRET, 598, digitalocean.tf
./terraform/samuelclay-NewsBlur/, HARD_CODED_SECRET, 598, digitalocean.tf
./terraform/samuelclay-NewsBlur/, HARD_CODED_SECRET, 598, digitalocean.tf
./terraform/samuelclay-NewsBlur/, HARD_CODED_SECRET, 598, digitalocean.tf
./terraform/samuelclay-NewsBlur/, HARD_CODED_SECRET, 598, digitalocean.tf
./terraform/samuelclay-NewsBlur/, HARD_CODED_SECRET, 598, digitalocean.tf
./terraform/samuelclay-NewsBlur/, HARD_CODED_SECRET, 598, digitalocean.tf
./terraform/samuelclay-NewsBlur/, HARD_CODED_SECRET, 598, digitalocean.tf
./terraform/samuelclay-NewsBlur/, HARD_CODED_SECRET, 598, digitalocean.tf
./terraform/samuelclay-NewsBlur/, HARD_CODED_SECRET, 598, digitalocean.tf
./terraform/samuelclay-NewsBlur/, HARD_CODED_SECRET, 598, digitalocean.tf
./terraform/samuelclay-NewsBlur/, HARD_CODED_SECRET, 598, digitalocean.tf
./terraform/samuelclay-NewsBlur/, HARD_CODED_SECRET, 598, digitalocean.tf
./terraform/samuelclay-NewsBlur/, HARD_CODED_SECRET, 598, digitalocean.tf
./terraform/samuelclay-NewsBlur/, HARD_CODED_SECRET, 598, digitalocean.tf
./terraform/samuelclay-NewsBlur/, HARD_CODED_SECRET, 598, digitalocean.tf
./terraform/samuelclay-NewsBlur/, HARD_CODED_SECRET, 598, digitalocean.tf
./terraform/samuelclay-NewsBlur/, HARD_CODED_SECRET, 598, digitalocean.tf
./terraform/samuelclay-NewsBlur/, HARD_CODED_SECRET, 598, digitalocean.tf
./terraform/samuelclay-NewsBlur/, HARD_CODED_SECRET, 598, digitalocean.tf
./terraform/samuelclay-NewsBlur/, HARD_CODED_SECRET, 598, digitalocean.tf
./terraform/samuelclay-NewsBlur/, HARD_CODED_SECRET, 598, digitalocean.tf
./terraform/samuelclay-NewsBlur/, HARD_CODED_SECRET, 598, digitalocean.tf
./terraform/samuelclay-NewsBlur/, HARD_CODED_SECRET, 598, digitalocean.tf
./terraform/samuelclay-NewsBlur/, HARD_CODED_SECRET, 598, digitalocean.tf
./terraform/samuelclay-NewsBlur/, HARD_CODED_SECRET, 598, digitalocean.tf
./terraform/samuelclay-NewsBlur/, HARD_CODED_SECRET, 598, digitalocean.tf
./terraform/samuelclay-NewsBlur/, HARD_CODED_SECRET, 598, digitalocean.tf
./terraform/samuelclay-NewsBlur/, HARD_CODED_SECRET, 598, digitalocean.tf
./terraform/samuelclay-NewsBlur/, HARD_CODED_SECRET, 598, digitalocean.tf
./terraform/samuelclay-NewsBlur/, HARD_CODED_SECRET, 598, digitalocean.tf
./terraform/samuelclay-NewsBlur/, HARD_CODED_SECRET, 598, digitalocean.tf
./terraform/samuelclay-NewsBlur/, HARD_CODED_SECRET, 598, digitalocean.tf
./terraform/samuelclay-NewsBlur/, HARD_CODED_SECRET, 598, digitalocean.tf
./terraform/samuelclay-NewsBlur/, HARD_CODED_SECRET, 598, digitalocean.tf
./terraform/samuelclay-NewsBlur/, HARD_CODED_SECRET, 598, digitalocean.tf
./terraform/samuelclay-NewsBlur/, HARD_CODED_SECRET, 598, digitalocean.tf
./terraform/samuelclay-NewsBlur/, HARD_CODED_SECRET, 598, digitalocean.tf
./terraform/samuelclay-NewsBlur/, HARD_CODED_SECRET, 598, digitalocean.tf
./terraform/samuelclay-NewsBlur/, HARD_CODED_SECRET, 598, digitalocean.tf
./terraform/samuelclay-NewsBlur/, HARD_CODED_SECRET, 598, digitalocean.tf
./terraform/samuelclay-NewsBlur/, HARD_CODED_SECRET, 598, digitalocean.tf
./terraform/samuelclay-NewsBlur/, HARD_CODED_SECRET, 598, digitalocean.tf
./terraform/samuelclay-NewsBlur/, HARD_CODED_SECRET, 598, digitalocean.tf
./terraform/samuelclay-NewsBlur/, HARD_CODED_SECRET, 598, digitalocean.tf
./terraform/samuelclay-NewsBlur/, HARD_CODED_SECRET, 598, digitalocean.tf
./terraform/samuelclay-NewsBlur/, HARD_CODED_SECRET, 598, digitalocean.tf
./terraform/samuelclay-NewsBlur/, HARD_CODED_SECRET, 598, digitalocean.tf
./terraform/samuelclay-NewsBlur/, HARD_CODED_SECRET, 598, digitalocean.tf
./terraform/samuelclay-NewsBlur/, HARD_CODED_SECRET, 598, digitalocean.tf
./terraform/samuelclay-NewsBlur/, HARD_CODED_SECRET, 598, digitalocean.tf
./terraform/samuelclay-NewsBlur/, HARD_CODED_SECRET, 598, digitalocean.tf
./terraform/samuelclay-NewsBlur/, HARD_CODED_SECRET, 598, digitalocean.tf
./terraform/samuelclay-NewsBlur/, HARD_CODED_SECRET, 598, digitalocean.tf
./terraform/samuelclay-NewsBlur/, HARD_CODED_SECRET, 598, digitalocean.tf
./terraform/samuelclay-NewsBlur/, HARD_CODED_SECRET, 598, digitalocean.tf
./terraform/samuelclay-NewsBlur/, HARD_CODED_SECRET, 598, digitalocean.tf
./terraform/samuelclay-NewsBlur/, HARD_CODED_SECRET, 598, digitalocean.tf
./terraform/samuelclay-NewsBlur/, HARD_CODED_SECRET, 598, digitalocean.tf
./terraform/samuelclay-NewsBlur/, HARD_CODED_SECRET, 598, digitalocean.tf
./terraform/samuelclay-NewsBlur/, HARD_CODED_SECRET, 598, digitalocean.tf
./terraform/samuelclay-NewsBlur/, HARD_CODED_SECRET, 598, digitalocean.tf
./terraform/samuelclay-NewsBlur/, HARD_CODED_SECRET, 598, digitalocean.tf
./terraform/samuelclay-NewsBlur/, HARD_CODED_SECRET, 598, digitalocean.tf
./terraform/samuelclay-NewsBlur/, HARD_CODED_SECRET, 598, digitalocean.tf
./terraform/samuelclay-NewsBlur/, HARD_CODED_SECRET, 598, digitalocean.tf
./terraform/samuelclay-NewsBlur/, HARD_CODED_SECRET, 598, digitalocean.tf
./terraform/samuelclay-NewsBlur/, HARD_CODED_SECRET, 598, digitalocean.tf
./terraform/samuelclay-NewsBlur/, HARD_CODED_SECRET, 598, digitalocean.tf
./terraform/samuelclay-NewsBlur/, HARD_CODED_SECRET, 598, digitalocean.tf
./terraform/samuelclay-NewsBlur/, HARD_CODED_SECRET, 598, digitalocean.tf
./terraform/samuelclay-NewsBlur/, HARD_CODED_SECRET, 598, digitalocean.tf
./terraform/samuelclay-NewsBlur/, HARD_CODED_SECRET, 598, digitalocean.tf
./terraform/samuelclay-NewsBlur/, HARD_CODED_SECRET, 598, digitalocean.tf
./terraform/samuelclay-NewsBlur/, HARD_CODED_SECRET, 598, digitalocean.tf
./terraform/samuelclay-NewsBlur/, HARD_CODED_SECRET, 598, digitalocean.tf
./terraform/samuelclay-NewsBlur/, HARD_CODED_SECRET, 598, digitalocean.tf
./terraform/samuelclay-NewsBlur/, HARD_CODED_SECRET, 598, digitalocean.tf
./terraform/samuelclay-NewsBlur/, HARD_CODED_SECRET, 598, digitalocean.tf
./terraform/samuelclay-NewsBlur/, HARD_CODED_SECRET, 598, digitalocean.tf
./terraform/samuelclay-NewsBlur/, HARD_CODED_SECRET, 598, digitalocean.tf
./terraform/samuelclay-NewsBlur/, HARD_CODED_SECRET, 598, digitalocean.tf
./terraform/samuelclay-NewsBlur/, HARD_CODED_SECRET, 598, digitalocean.tf
./terraform/samuelclay-NewsBlur/, HARD_CODED_SECRET, 598, digitalocean.tf
./terraform/samuelclay-NewsBlur/, HARD_CODED_SECRET, 598, digitalocean.tf
./terraform/samuelclay-NewsBlur/, HARD_CODED_SECRET, 598, digitalocean.tf
./terraform/samuelclay-NewsBlur/, HARD_CODED_SECRET, 598, digitalocean.tf
./terraform/samuelclay-NewsBlur/, HARD_CODED_SECRET, 598, digitalocean.tf
./terraform/samuelclay-NewsBlur/, HARD_CODED_SECRET, 598, digitalocean.tf
./terraform/samuelclay-NewsBlur/, HARD_CODED_SECRET, 598, digitalocean.tf
./terraform/samuelclay-NewsBlur/, HARD_CODED_SECRET, 598, digitalocean.tf
./terraform/samuelclay-NewsBlur/, HARD_CODED_SECRET, 598, digitalocean.tf
./terraform/samuelclay-NewsBlur/, HARD_CODED_SECRET, 598, digitalocean.tf
./terraform/samuelclay-NewsBlur/, HARD_CODED_SECRET, 598, digitalocean.tf
./terraform/samuelclay-NewsBlur/, HARD_CODED_SECRET, 598, digitalocean.tf
./terraform/samuelclay-NewsBlur/, HARD_CODED_SECRET, 598, digitalocean.tf
./terraform/samuelclay-NewsBlur/, HARD_CODED_SECRET, 598, digitalocean.tf
./terraform/samuelclay-NewsBlur/, HARD_CODED_SECRET, 598, digitalocean.tf
./terraform/samuelclay-NewsBlur/, HARD_CODED_SECRET, 598, digitalocean.tf
./terraform/samuelclay-NewsBlur/, HARD_CODED_SECRET, 598, digitalocean.tf
./terraform/samuelclay-NewsBlur/, HARD_CODED_SECRET, 598, digitalocean.tf
./terraform/samuelclay-NewsBlur/, HARD_CODED_SECRET, 598, digitalocean.tf
./terraform/samuelclay-NewsBlur/, HARD_CODED_SECRET, 598, digitalocean.tf
./terraform/samuelclay-NewsBlur/, HARD_CODED_SECRET, 598, digitalocean.tf
./terraform/samuelclay-NewsBlur/, HARD_CODED_SECRET, 598, digitalocean.tf
./terraform/samuelclay-NewsBlur/, HARD_CODED_SECRET, 598, digitalocean.tf
./terraform/samuelclay-NewsBlur/, HARD_CODED_SECRET, 598, digitalocean.tf
./terraform/samuelclay-NewsBlur/, HARD_CODED_SECRET, 598, digitalocean.tf
./terraform/samuelclay-NewsBlur/, HARD_CODED_SECRET, 598, digitalocean.tf
./terraform/samuelclay-NewsBlur/, HARD_CODED_SECRET, 598, digitalocean.tf
./terraform/samuelclay-NewsBlur/, HARD_CODED_SECRET, 598, digitalocean.tf
./terraform/samuelclay-NewsBlur/, HARD_CODED_SECRET, 598, digitalocean.tf
./terraform/samuelclay-NewsBlur/, HARD_CODED_SECRET, 598, digitalocean.tf
./terraform/samuelclay-NewsBlur/, HARD_CODED_SECRET, 598, digitalocean.tf
./terraform/samuelclay-NewsBlur/, HARD_CODED_SECRET, 598, digitalocean.tf
./terraform/samuelclay-NewsBlur/, HARD_CODED_SECRET, 598, digitalocean.tf
./terraform/samuelclay-NewsBlur/, HARD_CODED_SECRET, 598, digitalocean.tf
./terraform/samuelclay-NewsBlur/, HARD_CODED_SECRET, 598, digitalocean.tf
./terraform/samuelclay-NewsBlur/, HARD_CODED_SECRET, 598, digitalocean.tf
./terraform/samuelclay-NewsBlur/, HARD_CODED_SECRET, 598, digitalocean.tf
./terraform/samuelclay-NewsBlur/, HARD_CODED_SECRET, 598, digitalocean.tf
./terraform/samuelclay-NewsBlur/, HARD_CODED_SECRET, 598, digitalocean.tf
./terraform/samuelclay-NewsBlur/, HARD_CODED_SECRET, 598, digitalocean.tf
./terraform/samuelclay-NewsBlur/, HARD_CODED_SECRET, 598, digitalocean.tf
./terraform/samuelclay-NewsBlur/, HARD_CODED_SECRET, 598, digitalocean.tf
./terraform/samuelclay-NewsBlur/, HARD_CODED_SECRET, 598, digitalocean.tf
./terraform/samuelclay-NewsBlur/, HARD_CODED_SECRET, 598, digitalocean.tf
./terraform/samuelclay-NewsBlur/, HARD_CODED_SECRET, 598, digitalocean.tf
./terraform/samuelclay-NewsBlur/, HARD_CODED_SECRET, 598, digitalocean.tf
./terraform/samuelclay-NewsBlur/, HARD_CODED_SECRET, 598, digitalocean.tf
./terraform/samuelclay-NewsBlur/, HARD_CODED_SECRET, 598, digitalocean.tf
./terraform/samuelclay-NewsBlur/, HARD_CODED_SECRET, 598, digitalocean.tf
./terraform/samuelclay-NewsBlur/, HARD_CODED_SECRET, 598, digitalocean.tf
./terraform/samuelclay-NewsBlur/, HARD_CODED_SECRET, 598, digitalocean.tf
./terraform/samuelclay-NewsBlur/, HARD_CODED_SECRET, 598, digitalocean.tf
./terraform/samuelclay-NewsBlur/, HARD_CODED_SECRET, 598, digitalocean.tf
./terraform/samuelclay-NewsBlur/, HARD_CODED_SECRET, 598, digitalocean.tf
./terraform/samuelclay-NewsBlur/, HARD_CODED_SECRET, 598, digitalocean.tf
./terraform/samuelclay-NewsBlur/, HARD_CODED_SECRET, 598, digitalocean.tf
./terraform/samuelclay-NewsBlur/, HARD_CODED_SECRET, 598, digitalocean.tf
./terraform/samuelclay-NewsBlur/, HARD_CODED_SECRET, 598, digitalocean.tf
./terraform/samuelclay-NewsBlur/, HARD_CODED_SECRET, 598, digitalocean.tf
./terraform/samuelclay-NewsBlur/, HARD_CODED_SECRET, 598, digitalocean.tf
./terraform/samuelclay-NewsBlur/, HARD_CODED_SECRET, 598, digitalocean.tf
./terraform/samuelclay-NewsBlur/, HARD_CODED_SECRET, 598, digitalocean.tf
./terraform/samuelclay-NewsBlur/, HARD_CODED_SECRET, 598, digitalocean.tf
./terraform/samuelclay-NewsBlur/, HARD_CODED_SECRET, 598, digitalocean.tf
./terraform/samuelclay-NewsBlur/, HARD_CODED_SECRET, 598, digitalocean.tf
./terraform/samuelclay-NewsBlur/, HARD_CODED_SECRET, 598, digitalocean.tf
./terraform/samuelclay-NewsBlur/, HARD_CODED_SECRET, 598, digitalocean.tf
./terraform/samuelclay-NewsBlur/, HARD_CODED_SECRET, 598, digitalocean.tf
./terraform/samuelclay-NewsBlur/, HARD_CODED_SECRET, 598, digitalocean.tf
./terraform/samuelclay-NewsBlur/, HARD_CODED_SECRET, 598, digitalocean.tf
./terraform/samuelclay-NewsBlur/, HARD_CODED_SECRET, 598, digitalocean.tf
./terraform/samuelclay-NewsBlur/, HARD_CODED_SECRET, 598, digitalocean.tf
./terraform/samuelclay-NewsBlur/, HARD_CODED_SECRET, 598, digitalocean.tf
./terraform/samuelclay-NewsBlur/, HARD_CODED_SECRET, 598, digitalocean.tf
./terraform/samuelclay-NewsBlur/, HARD_CODED_SECRET, 598, digitalocean.tf
./terraform/samuelclay-NewsBlur/, HARD_CODED_SECRET, 598, digitalocean.tf
./terraform/samuelclay-NewsBlur/, HARD_CODED_SECRET, 598, digitalocean.tf
./terraform/samuelclay-NewsBlur/, HARD_CODED_SECRET, 598, digitalocean.tf
./terraform/samuelclay-NewsBlur/, HARD_CODED_SECRET, 598, digitalocean.tf
./terraform/samuelclay-NewsBlur/, HARD_CODED_SECRET, 598, digitalocean.tf
./terraform/samuelclay-NewsBlur/, HARD_CODED_SECRET, 598, digitalocean.tf
./terraform/samuelclay-NewsBlur/, HARD_CODED_SECRET, 598, digitalocean.tf
./terraform/samuelclay-NewsBlur/, HARD_CODED_SECRET, 598, digitalocean.tf
./terraform/samuelclay-NewsBlur/, HARD_CODED_SECRET, 598, digitalocean.tf
./terraform/samuelclay-NewsBlur/, HARD_CODED_SECRET, 598, digitalocean.tf
./terraform/samuelclay-NewsBlur/, HARD_CODED_SECRET, 598, digitalocean.tf
./terraform/samuelclay-NewsBlur/, HARD_CODED_SECRET, 598, digitalocean.tf
./terraform/samuelclay-NewsBlur/, HARD_CODED_SECRET, 598, digitalocean.tf
./terraform/samuelclay-NewsBlur/, HARD_CODED_SECRET, 598, digitalocean.tf
./terraform/samuelclay-NewsBlur/, HARD_CODED_SECRET, 598, digitalocean.tf
./terraform/samuelclay-NewsBlur/, HARD_CODED_SECRET, 598, digitalocean.tf
./terraform/samuelclay-NewsBlur/, HARD_CODED_SECRET, 598, digitalocean.tf
./terraform/samuelclay-NewsBlur/, HARD_CODED_SECRET, 598, digitalocean.tf
./terraform/samuelclay-NewsBlur/, HARD_CODED_SECRET, 598, digitalocean.tf
./terraform/samuelclay-NewsBlur/, HARD_CODED_SECRET, 598, digitalocean.tf
./terraform/samuelclay-NewsBlur/, HARD_CODED_SECRET, 598, digitalocean.tf
./terraform/samuelclay-NewsBlur/, HARD_CODED_SECRET, 598, digitalocean.tf
./terraform/samuelclay-NewsBlur/, HARD_CODED_SECRET, 598, digitalocean.tf
./terraform/samuelclay-NewsBlur/, HARD_CODED_SECRET, 598, digitalocean.tf
./terraform/samuelclay-NewsBlur/, HARD_CODED_SECRET, 598, digitalocean.tf
./terraform/samuelclay-NewsBlur/, HARD_CODED_SECRET, 598, digitalocean.tf
./terraform/samuelclay-NewsBlur/, HARD_CODED_SECRET, 598, digitalocean.tf
./terraform/samuelclay-NewsBlur/, HARD_CODED_SECRET, 598, digitalocean.tf
./terraform/samuelclay-NewsBlur/, HARD_CODED_SECRET, 598, digitalocean.tf
./terraform/samuelclay-NewsBlur/, HARD_CODED_SECRET, 598, digitalocean.tf
./terraform/samuelclay-NewsBlur/, HARD_CODED_SECRET, 598, digitalocean.tf
./terraform/samuelclay-NewsBlur/, HARD_CODED_SECRET, 598, digitalocean.tf
./terraform/samuelclay-NewsBlur/, HARD_CODED_SECRET, 598, digitalocean.tf
./terraform/samuelclay-NewsBlur/, HARD_CODED_SECRET, 598, digitalocean.tf
./terraform/samuelclay-NewsBlur/, HARD_CODED_SECRET, 598, digitalocean.tf
./terraform/samuelclay-NewsBlur/, HARD_CODED_SECRET, 598, digitalocean.tf
./terraform/samuelclay-NewsBlur/, HARD_CODED_SECRET, 598, digitalocean.tf
./terraform/samuelclay-NewsBlur/, HARD_CODED_SECRET, 598, digitalocean.tf
./terraform/samuelclay-NewsBlur/, HARD_CODED_SECRET, 598, digitalocean.tf
./terraform/samuelclay-NewsBlur/, HARD_CODED_SECRET, 598, digitalocean.tf
./terraform/samuelclay-NewsBlur/, HARD_CODED_SECRET, 598, digitalocean.tf
./terraform/samuelclay-NewsBlur/, HARD_CODED_SECRET, 598, digitalocean.tf
./terraform/samuelclay-NewsBlur/, HARD_CODED_SECRET, 598, digitalocean.tf
./terraform/samuelclay-NewsBlur/, HARD_CODED_SECRET, 598, digitalocean.tf
./terraform/samuelclay-NewsBlur/, HARD_CODED_SECRET, 598, digitalocean.tf
./terraform/samuelclay-NewsBlur/, HARD_CODED_SECRET, 598, digitalocean.tf
./terraform/samuelclay-NewsBlur/, HARD_CODED_SECRET, 598, digitalocean.tf
./terraform/samuelclay-NewsBlur/, HARD_CODED_SECRET, 598, digitalocean.tf
./terraform/samuelclay-NewsBlur/, HARD_CODED_SECRET, 598, digitalocean.tf
./terraform/samuelclay-NewsBlur/, HARD_CODED_SECRET, 598, digitalocean.tf
./terraform/samuelclay-NewsBlur/, HARD_CODED_SECRET, 598, digitalocean.tf
./terraform/samuelclay-NewsBlur/, HARD_CODED_SECRET, 598, digitalocean.tf
./terraform/samuelclay-NewsBlur/, HARD_CODED_SECRET, 598, digitalocean.tf
./terraform/samuelclay-NewsBlur/, HARD_CODED_SECRET, 598, digitalocean.tf
./terraform/samuelclay-NewsBlur/, HARD_CODED_SECRET, 598, digitalocean.tf
./terraform/samuelclay-NewsBlur/, HARD_CODED_SECRET, 598, digitalocean.tf
./terraform/samuelclay-NewsBlur/, HARD_CODED_SECRET, 598, digitalocean.tf
./terraform/samuelclay-NewsBlur/, HARD_CODED_SECRET, 598, digitalocean.tf
./terraform/samuelclay-NewsBlur/, HARD_CODED_SECRET, 598, digitalocean.tf
./terraform/samuelclay-NewsBlur/, HARD_CODED_SECRET, 598, digitalocean.tf
./terraform/samuelclay-NewsBlur/, HARD_CODED_SECRET, 598, digitalocean.tf
./terraform/samuelclay-NewsBlur/, HARD_CODED_SECRET, 598, digitalocean.tf
./terraform/samuelclay-NewsBlur/, HARD_CODED_SECRET, 598, digitalocean.tf
./terraform/samuelclay-NewsBlur/, HARD_CODED_SECRET, 598, digitalocean.tf
./terraform/samuelclay-NewsBlur/, HARD_CODED_SECRET, 598, digitalocean.tf
./terraform/samuelclay-NewsBlur/, HARD_CODED_SECRET, 598, digitalocean.tf
./terraform/samuelclay-NewsBlur/, HARD_CODED_SECRET, 598, digitalocean.tf
./terraform/samuelclay-NewsBlur/, HARD_CODED_SECRET, 598, digitalocean.tf
./terraform/samuelclay-NewsBlur/, HARD_CODED_SECRET, 598, digitalocean.tf
./terraform/samuelclay-NewsBlur/, HARD_CODED_SECRET, 598, digitalocean.tf
./terraform/samuelclay-NewsBlur/, HARD_CODED_SECRET, 598, digitalocean.tf
./terraform/samuelclay-NewsBlur/, HARD_CODED_SECRET, 598, digitalocean.tf
./terraform/samuelclay-NewsBlur/, HARD_CODED_SECRET, 598, digitalocean.tf
./terraform/samuelclay-NewsBlur/, HARD_CODED_SECRET, 598, digitalocean.tf
./terraform/samuelclay-NewsBlur/, HARD_CODED_SECRET, 598, digitalocean.tf
./terraform/samuelclay-NewsBlur/, HARD_CODED_SECRET, 598, digitalocean.tf
./terraform/samuelclay-NewsBlur/, HARD_CODED_SECRET, 598, digitalocean.tf
./terraform/samuelclay-NewsBlur/, HARD_CODED_SECRET, 598, digitalocean.tf
./terraform/samuelclay-NewsBlur/, HARD_CODED_SECRET, 598, digitalocean.tf
./terraform/samuelclay-NewsBlur/, HARD_CODED_SECRET, 598, digitalocean.tf
./terraform/samuelclay-NewsBlur/, HARD_CODED_SECRET, 598, digitalocean.tf
./terraform/samuelclay-NewsBlur/, HARD_CODED_SECRET, 598, digitalocean.tf
./terraform/samuelclay-NewsBlur/, HARD_CODED_SECRET, 598, digitalocean.tf
./terraform/samuelclay-NewsBlur/, HARD_CODED_SECRET, 598, digitalocean.tf
./terraform/samuelclay-NewsBlur/, HARD_CODED_SECRET, 598, digitalocean.tf
./terraform/samuelclay-NewsBlur/, HARD_CODED_SECRET, 598, digitalocean.tf
./terraform/samuelclay-NewsBlur/, HARD_CODED_SECRET, 598, digitalocean.tf
./terraform/samuelclay-NewsBlur/, HARD_CODED_SECRET, 598, digitalocean.tf
./terraform/samuelclay-NewsBlur/, HARD_CODED_SECRET, 598, digitalocean.tf
./terraform/samuelclay-NewsBlur/, HARD_CODED_SECRET, 598, digitalocean.tf
./terraform/samuelclay-NewsBlur/, HARD_CODED_SECRET, 598, digitalocean.tf
./terraform/samuelclay-NewsBlur/, HARD_CODED_SECRET, 598, digitalocean.tf
./terraform/samuelclay-NewsBlur/, HARD_CODED_SECRET, 598, digitalocean.tf
./terraform/samuelclay-NewsBlur/, HARD_CODED_SECRET, 598, digitalocean.tf
./terraform/samuelclay-NewsBlur/, HARD_CODED_SECRET, 598, digitalocean.tf
./terraform/samuelclay-NewsBlur/, HARD_CODED_SECRET, 598, digitalocean.tf
./terraform/samuelclay-NewsBlur/, HARD_CODED_SECRET, 598, digitalocean.tf
./terraform/samuelclay-NewsBlur/, HARD_CODED_SECRET, 598, digitalocean.tf
./terraform/samuelclay-NewsBlur/, HARD_CODED_SECRET, 598, digitalocean.tf
./terraform/samuelclay-NewsBlur/, HARD_CODED_SECRET, 598, digitalocean.tf
./terraform/samuelclay-NewsBlur/, HARD_CODED_SECRET, 598, digitalocean.tf
./terraform/samuelclay-NewsBlur/, HARD_CODED_SECRET, 598, digitalocean.tf
./terraform/samuelclay-NewsBlur/, HARD_CODED_SECRET, 598, digitalocean.tf
./terraform/samuelclay-NewsBlur/, HARD_CODED_SECRET, 598, digitalocean.tf
./terraform/samuelclay-NewsBlur/, HARD_CODED_SECRET, 598, digitalocean.tf
./terraform/samuelclay-NewsBlur/, HARD_CODED_SECRET, 598, digitalocean.tf
./terraform/samuelclay-NewsBlur/, HARD_CODED_SECRET, 598, digitalocean.tf
./terraform/samuelclay-NewsBlur/, HARD_CODED_SECRET, 598, digitalocean.tf
./terraform/samuelclay-NewsBlur/, HARD_CODED_SECRET, 598, digitalocean.tf
./terraform/samuelclay-NewsBlur/, HARD_CODED_SECRET, 598, digitalocean.tf
./terraform/samuelclay-NewsBlur/, HARD_CODED_SECRET, 598, digitalocean.tf
./terraform/samuelclay-NewsBlur/, HARD_CODED_SECRET, 598, digitalocean.tf
./terraform/samuelclay-NewsBlur/, HARD_CODED_SECRET, 598, digitalocean.tf
./terraform/samuelclay-NewsBlur/, HARD_CODED_SECRET, 598, digitalocean.tf
./terraform/samuelclay-NewsBlur/, HARD_CODED_SECRET, 598, digitalocean.tf
./terraform/samuelclay-NewsBlur/, HARD_CODED_SECRET, 598, digitalocean.tf
./terraform/samuelclay-NewsBlur/, HARD_CODED_SECRET, 598, digitalocean.tf
./terraform/samuelclay-NewsBlur/, HARD_CODED_SECRET, 598, digitalocean.tf
./terraform/samuelclay-NewsBlur/, HARD_CODED_SECRET, 598, digitalocean.tf
./terraform/samuelclay-NewsBlur/, HARD_CODED_SECRET, 598, digitalocean.tf
./terraform/samuelclay-NewsBlur/, HARD_CODED_SECRET, 598, digitalocean.tf
./terraform/samuelclay-NewsBlur/, HARD_CODED_SECRET, 598, digitalocean.tf
./terraform/samuelclay-NewsBlur/, HARD_CODED_SECRET, 598, digitalocean.tf
./terraform/samuelclay-NewsBlur/, HARD_CODED_SECRET, 598, digitalocean.tf
./terraform/samuelclay-NewsBlur/, HARD_CODED_SECRET, 598, digitalocean.tf
./terraform/samuelclay-NewsBlur/, HARD_CODED_SECRET, 598, digitalocean.tf
./terraform/samuelclay-NewsBlur/, HARD_CODED_SECRET, 598, digitalocean.tf
./terraform/samuelclay-NewsBlur/, HARD_CODED_SECRET, 598, digitalocean.tf
./terraform/samuelclay-NewsBlur/, HARD_CODED_SECRET, 598, digitalocean.tf
./terraform/samuelclay-NewsBlur/, HARD_CODED_SECRET, 598, digitalocean.tf
./terraform/samuelclay-NewsBlur/, HARD_CODED_SECRET, 598, digitalocean.tf
./terraform/samuelclay-NewsBlur/, HARD_CODED_SECRET, 598, digitalocean.tf
./terraform/samuelclay-NewsBlur/, HARD_CODED_SECRET, 598, digitalocean.tf
./terraform/samuelclay-NewsBlur/, HARD_CODED_SECRET, 598, digitalocean.tf
./terraform/samuelclay-NewsBlur/, HARD_CODED_SECRET, 598, digitalocean.tf
./terraform/samuelclay-NewsBlur/, HARD_CODED_SECRET, 598, digitalocean.tf
./terraform/samuelclay-NewsBlur/, HARD_CODED_SECRET, 598, digitalocean.tf
./terraform/samuelclay-NewsBlur/, HARD_CODED_SECRET, 598, digitalocean.tf
./terraform/samuelclay-NewsBlur/, HARD_CODED_SECRET, 598, digitalocean.tf
./terraform/samuelclay-NewsBlur/, HARD_CODED_SECRET, 598, digitalocean.tf
./terraform/samuelclay-NewsBlur/, HARD_CODED_SECRET, 617, digitalocean.tf
./terraform/samuelclay-NewsBlur/, HARD_CODED_SECRET, 617, digitalocean.tf
./terraform/samuelclay-NewsBlur/, HARD_CODED_SECRET, 617, digitalocean.tf
./terraform/samuelclay-NewsBlur/, HARD_CODED_SECRET, 617, digitalocean.tf
./terraform/samuelclay-NewsBlur/, HARD_CODED_SECRET, 617, digitalocean.tf
./terraform/samuelclay-NewsBlur/, HARD_CODED_SECRET, 617, digitalocean.tf
./terraform/samuelclay-NewsBlur/, HARD_CODED_SECRET, 617, digitalocean.tf
./terraform/samuelclay-NewsBlur/, HARD_CODED_SECRET, 617, digitalocean.tf
./terraform/samuelclay-NewsBlur/, HARD_CODED_SECRET, 617, digitalocean.tf
./terraform/samuelclay-NewsBlur/, HARD_CODED_SECRET, 617, digitalocean.tf
./terraform/samuelclay-NewsBlur/, HARD_CODED_SECRET, 617, digitalocean.tf
./terraform/samuelclay-NewsBlur/, HARD_CODED_SECRET, 617, digitalocean.tf
./terraform/samuelclay-NewsBlur/, HARD_CODED_SECRET, 87, digitalocean.tf
./terraform/samuelclay-NewsBlur/, HARD_CODED_SECRET, 87, digitalocean.tf
./terraform/samuelclay-NewsBlur/, HARD_CODED_SECRET, 87, digitalocean.tf
./terraform/samuelclay-NewsBlur/, HARD_CODED_SECRET, 87, digitalocean.tf
./terraform/samuelclay-NewsBlur/, HARD_CODED_SECRET, 21, digitalocean.tf
./terraform/samuelclay-NewsBlur/, HARD_CODED_SECRET, 1, digitalocean.tf
./terraform/jpetazzo-ampernetacle/, HARD_CODED_SECRET, 23, cloudinit.tf
./terraform/jpetazzo-ampernetacle/, HARD_CODED_SECRET, 23, cloudinit.tf
./terraform/jpetazzo-ampernetacle/, HARD_CODED_SECRET, 23, cloudinit.tf
./terraform/jpetazzo-ampernetacle/, HARD_CODED_SECRET, 5, kubeconfig.tf
./terraform/jpetazzo-ampernetacle/, HARD_CODED_SECRET, 6, sshkey.tf
./terraform/jpetazzo-ampernetacle/, HARD_CODED_SECRET, 6, sshkey.tf
./terraform/jpetazzo-ampernetacle/, HARD_CODED_SECRET, 6, sshkey.tf
./terraform/jpetazzo-ampernetacle/, HARD_CODED_SECRET, 12, sshkey.tf
./terraform/jpetazzo-ampernetacle/, HARD_CODED_SECRET, 12, sshkey.tf
./terraform/jpetazzo-ampernetacle/, HARD_CODED_SECRET, 12, sshkey.tf
./terraform/jpetazzo-ampernetacle/, HARD_CODED_SECRET, 18, sshkey.tf
./terraform/jpetazzo-ampernetacle/, HARD_CODED_SECRET, 18, sshkey.tf
./terraform/jpetazzo-ampernetacle/, HARD_CODED_SECRET, 1, cloudinit.tf
./terraform/jpetazzo-ampernetacle/, HARD_CODED_SECRET, 24, main.tf
./terraform/jpetazzo-ampernetacle/, HARD_CODED_SECRET, 24, main.tf
./terraform/jpetazzo-ampernetacle/, HARD_CODED_SECRET, 24, main.tf
./terraform/jpetazzo-ampernetacle/, HARD_CODED_SECRET, 24, main.tf
./terraform/jpetazzo-ampernetacle/, HARD_CODED_SECRET, 24, main.tf
./terraform/jpetazzo-ampernetacle/, HARD_CODED_SECRET, 24, main.tf
./terraform/jpetazzo-ampernetacle/, HARD_CODED_SECRET, 24, main.tf
./terraform/jpetazzo-ampernetacle/, HARD_CODED_SECRET, 24, main.tf
./terraform/jpetazzo-ampernetacle/, HARD_CODED_SECRET, 24, main.tf
./terraform/jpetazzo-ampernetacle/, HARD_CODED_SECRET, 24, main.tf
./terraform/jpetazzo-ampernetacle/, HARD_CODED_SECRET, 24, main.tf
./terraform/jpetazzo-ampernetacle/, HARD_CODED_SECRET, 24, main.tf
./terraform/jpetazzo-ampernetacle/, HARD_CODED_SECRET, 1, sshkey.tf
./terraform/jpetazzo-ampernetacle/, HARD_CODED_SECRET, 1, sshkey.tf
./terraform/jpetazzo-ampernetacle/, INVALID_IP_BINDING, 11, network.tf
./terraform/jpetazzo-ampernetacle/, INVALID_IP_BINDING, 20, network.tf
./terraform/jpetazzo-ampernetacle/, INVALID_IP_BINDING, 20, network.tf
./terraform/jpetazzo-ampernetacle/, INVALID_IP_BINDING, 32, network.tf
./terraform/jpetazzo-ampernetacle/, INVALID_IP_BINDING, 1, network.tf
./terraform/jpetazzo-ampernetacle/, SUSPICIOUS_COMMENTS, 102, /cloudinit.tf
./terraform/gl-infra-vault/, HARD_CODED_SECRET, 1, locals.tf
./terraform/gl-infra-vault/, HARD_CODED_SECRET, 214, variables.tf
./terraform/gl-infra-vault/, HARD_CODED_SECRET, 234, variables.tf
./terraform/gl-infra-vault/, HARD_CODED_SECRET, 166, variables.tf
./terraform/gl-infra-vault/, HARD_CODED_SECRET, 53, variables.tf
./terraform/gl-infra-vault/, HARD_CODED_SECRET, 87, variables.tf
./terraform/gl-infra-vault/, HARD_CODED_SECRET, 194, variables.tf
./terraform/gl-infra-vault/, HARD_CODED_SECRET, 224, variables.tf
./terraform/gl-infra-vault/, HARD_CODED_SECRET, 204, variables.tf
./terraform/gl-infra-vault/, HARD_CODED_SECRET, 2, roles_oidc.tf
./terraform/gl-infra-vault/, HARD_CODED_SECRET, 32, roles_oidc.tf
./terraform/gl-infra-vault/, HARD_CODED_SECRET, 2, service_kv_chef.tf
./terraform/gl-infra-vault/, HARD_CODED_SECRET, 2, service_kv_gitlab_ci.tf
./terraform/gl-infra-vault/, HARD_CODED_SECRET, 2, service_kv_kubernetes.tf
./terraform/gl-infra-vault/, HARD_CODED_SECRET, 2, service_kv_runway.tf
./terraform/gl-infra-vault/, HARD_CODED_SECRET, 2, service_kv_shared.tf
./terraform/gl-infra-vault/, HARD_CODED_SECRET, 19, service_kv_gitlab_ci.tf
./terraform/gl-infra-vault/, HTTP_WITHOUT_TLS, 1, locals.tf
./terraform/gl-infra-vault/, HTTP_WITHOUT_TLS, 2, roles_oidc.tf
./terraform/gl-infra-vault/, HTTP_WITHOUT_TLS, 32, roles_oidc.tf
./terraform/gruntwork-io-terraform-google-load-balancer-http-load-balancer/, HARD_CODED_SECRET, 37, variables.tf
./terraform/gruntwork-io-terraform-google-load-balancer-http-load-balancer/, HARD_CODED_SECRET, 25, variables.tf
./terraform/gruntwork-io-terraform-google-load-balancer-http-load-balancer/, HARD_CODED_SECRET, 31, variables.tf
./terraform/gruntwork-io-terraform-google-load-balancer-main/, HARD_CODED_SECRET, 38, variables.tf
./terraform/gruntwork-io-terraform-google-load-balancer-main/, HARD_CODED_SECRET, 32, variables.tf
